akaunto,pasuwado,gakunen,kumi,simei
s20191101,111,1,1,青木太郎
s20191102,111,1,1,青山太郎
s20191103,111,1,1,飯塚
s20191104,111,1,1,伊藤
s20191105,111,1,1,井上
s20191106,111,1,1,大梶
s20191107,111,1,1,沖原
s20191108,111,1,1,小村
s20191109,111,1,1,加藤
s20191110,111,1,1,金築
s20191111,111,1,1,木佐
s20191112,111,1,1,幸村
s20191113,111,1,1,斎藤
s20191114,111,1,1,佐藤
s20191115,111,1,1,佐野
s20191116,111,1,1,沢井
s20191117,111,1,1,澤部
s20191118,111,1,1,高木
s20191119,111,1,1,高橋
s20191120,111,1,1,土江
s20191121,111,1,1,筒井
s20191122,111,1,1,中岡
s20191123,111,1,1,長廻
s20191124,111,1,1,錦織
s20191125,111,1,1,野口
s20191126,111,1,1,野々村
s20191127,111,1,1,浜井
s20191128,111,1,1,服部
s20191129,111,1,1,原
s20191130,111,1,1,福間
s20191131,111,1,1,福山
s20191132,111,1,1,星野
s20191133,111,1,1,本間
s20191134,111,1,1,馬庭
s20191135,111,1,1,村上
s20191136,111,1,1,森山
s20191137,111,1,1,山埼
s20191138,111,1,1,山邊
s20191139,111,1,1,渡辺
s20191140,111,1,1,和田森
s20191201,111,1,2,青木
s20191202,111,1,2,青山
s20191203,111,1,2,飯塚
s20191204,111,1,2,伊藤
s20191205,111,1,2,井上
s20191206,111,1,2,大梶
s20191207,111,1,2,沖原
s20191208,111,1,2,小村
s20191209,111,1,2,加藤
s20191210,111,1,2,金築
s20191211,111,1,2,木佐
s20191212,111,1,2,幸村
s20191213,111,1,2,斎藤
s20191214,111,1,2,佐藤
s20191215,111,1,2,佐野
s20191216,111,1,2,沢井
s20191217,111,1,2,澤部
s20191218,111,1,2,高木
s20191219,111,1,2,高橋
s20191220,111,1,2,土江
s20191221,111,1,2,筒井
s20191222,111,1,2,中岡
s20191223,111,1,2,長廻
s20191224,111,1,2,錦織
s20191225,111,1,2,野口
s20191226,111,1,2,野々村
s20191227,111,1,2,浜井
s20191228,111,1,2,服部
s20191229,111,1,2,原
s20191230,111,1,2,福間
s20191231,111,1,2,福山
s20191232,111,1,2,星野
s20191233,111,1,2,本間
s20191234,111,1,2,馬庭
s20191235,111,1,2,村上
s20191236,111,1,2,森山
s20191237,111,1,2,山崎
s20191238,111,1,2,山邊
s20191239,111,1,2,渡辺
s20191240,111,1,2,和田森
s20191301,111,1,3,青木太郎
s20191302,111,1,3,青山太郎
s20191303,111,1,3,飯塚
s20191304,111,1,3,伊藤
s20191305,111,1,3,井上
s20191306,111,1,3,大梶
s20191307,111,1,3,沖原
s20191308,111,1,3,小村
s20191309,111,1,3,加藤
s20191310,111,1,3,金築
s20191311,111,1,3,木佐
s20191312,111,1,3,幸村
s20191313,111,1,3,斎藤
s20191314,111,1,3,佐藤
s20191315,111,1,3,佐野
s20191316,111,1,3,沢井
s20191317,111,1,3,澤部
s20191318,111,1,3,高木
s20191319,111,1,3,高橋
s20191320,111,1,3,土江
s20191321,111,1,3,筒井
s20191322,111,1,3,中岡
s20191323,111,1,3,長廻
s20191324,111,1,3,錦織
s20191325,111,1,3,野口
s20191326,111,1,3,野々村
s20191327,111,1,3,浜井
s20191328,111,1,3,服部
s20191329,111,1,3,原
s20191330,111,1,3,福間
s20191331,111,1,3,福山
s20191332,111,1,3,星野
s20191333,111,1,3,本間
s20191334,111,1,3,馬庭
s20191335,111,1,3,村上
s20191336,111,1,3,森山
s20191337,111,1,3,山埼
s20191338,111,1,3,山邊
s20191339,111,1,3,渡辺
s20191340,111,1,3,和田森
s20191401,111,1,4,青木太郎
s20191402,111,1,4,青山太郎
s20191403,111,1,4,飯塚
s20191404,111,1,4,伊藤
s20191405,111,1,4,井上
s20191406,111,1,4,大梶
s20191407,111,1,4,沖原
s20191408,111,1,4,小村
s20191409,111,1,4,加藤
s20191410,111,1,4,金築
s20191411,111,1,4,木佐
s20191412,111,1,4,幸村
s20191413,111,1,4,斎藤
s20191414,111,1,4,佐藤
s20191415,111,1,4,佐野
s20191416,111,1,4,沢井
s20191417,111,1,4,澤部
s20191418,111,1,4,高木
s20191419,111,1,4,高橋
s20191420,111,1,4,土江
s20191421,111,1,4,筒井
s20191422,111,1,4,中岡
s20191423,111,1,4,長廻
s20191424,111,1,4,錦織
s20191425,111,1,4,野口
s20191426,111,1,4,野々村
s20191427,111,1,4,浜井
s20191428,111,1,4,服部
s20191429,111,1,4,原
s20191430,111,1,4,福間
s20191431,111,1,4,福山
s20191432,111,1,4,星野
s20191433,111,1,4,本間
s20191434,111,1,4,馬庭
s20191435,111,1,4,村上
s20191436,111,1,4,森山
s20191437,111,1,4,山埼
s20191438,111,1,4,山邊
s20191439,111,1,4,渡辺
s20191440,111,1,4,和田森
